Stress,n,RMSE,JS
Control,22,0.12579909897718686,0.07878707950668941
Sal,22,0.12160401948661542,0.0661204795650707
SalTemp,22,0.1326439439814691,0.10683986374425787
Temp,22,0.1358052079498059,0.08755602608566607
pH,22,0.11018954836645542,0.06226986722425579
pHTemp,22,0.1409060775802599,0.10781350838807592
pHSal,21,0.1478230010597385,0.10413647272116004
pHSalTemp,19,0.12826105008791178,0.09884339809983657
