BLOCK_TYPE,USE_TAXON_BIASES,K,comp_RMSE_mean,comp_RMSE_sd,comp_JS_mean,comp_JS_sd,od_RMSE_mean,od_RMSE_sd,od_R2_mean,od_R2_sd
Com_Id,TRUE,5,0.13094194546732457,0.03964930378765316,0.08862029964552742,0.010870135117858658,0.11693103576004998,0.03638261144764058,0.7825102481106128,0.17161689031356187
